1,tadija123,tadija123,Tadija,Sebez,3,null
2,kika123,kika123,Kristina,Popov,3,6
2,pera,123,Petar,Petrovic,3,5
2,bane,bane123,Branislav,Peric,3,4
2,bojan,bojan123,Bojan,Bojanic,3,3
2,mica,mica123,Milica,Sekulic,3,2
2,miki,123,Mihailo,Petrovic,3,1
3,tasija,123,Anastasija,Savic,3,null
4,danica123,danica123,Danica,Gazdic,3,null
3,mare123,mare123,Marko,Markovic,3,null
3,sonja123,sonja123,Sonja,Jovanovic,1,null
3,nina123,nina123,Nina,Djordjevic,2,null
3,ana123,ana123,Ana,Stanic,3,null
3,sofija123,123,Sofija,Rajic,2,null
3,danica,1233,Dana,Gazdic,3,null
